Product_ID,Product Name,Category,Shelf Number,Quantity Available,Reorder_Level,Supplier_Name,Purchase_Price,Selling_Price,Last_Stock_Update,Order_Status,Total Sales Volume,Total Revenue,Profit per Unit,Profit Margin (%),Stock Turnover Rate,Storage Space (cubic ft),Warehouse Section,Profit_Margin (%)
1001,Cushion Set,Lighting,K6,68,3,IKEA Supplies,474.46,937.87,1/1/2025,Low Stock,185,173505.95,463.41,40,2.720588235,37,B,49.41
1002,Hand Mixer,Appliances,T9,31,9,Storage Solutions,31.91,58.56,1/2/2025,Reorder Needed,488,28577.28,26.65,40,15.74193548,33,C,45.51
1003,Study Desk,Furniture,Y0,67,11,Home Essentials,115.07,139.67,1/3/2025,Available,306,42739.02,24.6,40,4.567164179,14,A,17.61
1004,Measuring Cups,Lighting,Q4,21,6,Home Essentials,416.67,463.16,1/4/2025,Low Stock,472,218611.52,46.49,40,22.47619048,31,C,10.04
1005,Dining Table,Furniture,U8,77,8,IKEA Supplies,687,935.2,1/5/2025,Out of Stock,205,191716,248.2,40,2.662337662,43,B,26.54
1006,Hand Mixer,Appliances,F7,37,11,Light Co.,202.64,329.83,1/6/2025,Low Stock,246,81138.18,127.19,40,6.648648649,10,A,38.56
1007,Folding Table,Furniture,L5,88,13,TechCorp,353.52,517.09,1/7/2025,Available,345,178396.05,163.57,40,3.920454545,48,A,31.63
1008,Fitness Tracker,Electronics,I0,81,3,Home Essentials,38.48,60.74,1/8/2025,Low Stock,117,7106.58,22.26,40,1.444444444,28,C,36.65
1009,Pendant Light,Lighting,S2,96,14,Home Essentials,109.83,165.38,1/9/2025,Low Stock,261,43164.18,55.55,40,2.71875,45,B,33.59
1010,Vacuum Cleaner,Appliances,E0,33,9,Light Co.,585.13,986.9,1/10/2025,Available,412,406602.8,401.77,40,12.48484848,37,D,40.71
1011,Rocking Chair,Furniture,V5,17,3,Light Co.,566.62,965.82,1/11/2025,Low Stock,485,468422.7,399.2,40,28.52941176,22,D,41.33
1012,Fitness Tracker,Electronics,X7,50,5,Storage Solutions,18.56,24.84,1/12/2025,Available,223,5539.32,6.28,40,4.46,49,C,25.28
1013,Curtains,Lighting,R7,39,2,Storage Solutions,646.37,952.78,1/13/2025,Available,149,141964.22,306.41,40,3.820512821,20,C,32.16
1014,Patio Set,Furniture,U0,10,6,TechCorp,579.1,646.34,1/14/2025,Out of Stock,359,232036.06,67.24,40,35.9,32,A,10.4
1015,Clothes Dryer,Appliances,O2,86,10,TechCorp,721.39,870.56,1/15/2025,Reorder Needed,425,369988,149.17,40,4.941860465,38,B,17.13
1016,Gaming Console,Electronics,B3,73,2,IKEA Supplies,343.53,465.65,1/16/2025,Reorder Needed,168,78229.2,122.12,40,2.301369863,12,B,26.23
1017,Cushion Set,Lighting,F7,51,10,Storage Solutions,358.13,525.28,1/17/2025,Low Stock,261,137098.08,167.15,40,5.117647059,24,A,31.82
1018,Ironing Board,Appliances,R3,29,12,Home Essentials,381.07,499.07,1/18/2025,Low Stock,184,91828.88,118,40,6.344827586,19,D,23.64
1019,Standing Fan,Lighting,T9,70,9,Storage Solutions,485.39,673.53,1/19/2025,Out of Stock,84,56576.52,188.14,40,1.2,22,C,27.93
1020,Desk Organizer,Storage,J3,14,7,Home Essentials,118.12,156.86,1/20/2025,Out of Stock,330,51763.8,38.74,40,23.57142857,23,D,24.7
1021,Cookware Set,Lighting,B7,60,8,Light Co.,33.06,49.37,1/21/2025,Out of Stock,452,22315.24,16.31,40,7.533333333,39,B,33.04
1022,LED Lamp,Lighting,U0,34,4,Storage Solutions,180.76,321.77,1/22/2025,Available,405,130316.85,141.01,40,11.91176471,5,B,43.82
1023,Ergonomic Keyboard,Electronics,W6,9,2,Light Co.,463.36,710.59,1/23/2025,Out of Stock,191,135722.69,247.23,40,21.22222222,7,A,34.79
1024,Blender,Appliances,Y4,37,6,TechCorp,155.79,217.82,1/24/2025,Out of Stock,129,28098.78,62.03,40,3.486486486,42,C,28.48
1025,Curtains,Lighting,M2,69,13,TechCorp,500.49,679.96,1/25/2025,Low Stock,367,249545.32,179.47,40,5.31884058,47,B,26.39
1026,Hand Mixer,Appliances,Z3,22,13,IKEA Supplies,521.7,970.51,1/26/2025,Out of Stock,136,131989.36,448.81,40,6.181818182,5,C,46.24
1027,Toaster,Appliances,M8,53,3,Storage Solutions,76.71,112.02,1/27/2025,Available,391,43799.82,35.31,40,7.377358491,22,B,31.52
1028,Dishwasher,Appliances,L5,15,6,Light Co.,419.77,679.15,1/28/2025,Available,63,42786.45,259.38,40,4.2,33,A,38.19
1029,Storage Box,Storage,T5,89,9,Home Essentials,260.77,454.88,1/29/2025,Low Stock,290,131915.2,194.11,40,3.258426966,27,C,42.67
1030,Ceiling Fan,Lighting,M8,30,12,TechCorp,447.71,870.78,1/30/2025,Out of Stock,144,125392.32,423.07,40,4.8,19,B,48.59
1031,Duvet Cover,Other,N9,67,10,TechCorp,119.88,193.61,1/31/2025,Out of Stock,291,56340.51,73.73,40,4.343283582,11,C,38.08
1032,Wardrobe,Furniture,M6,93,3,Home Essentials,419.55,698.77,2/1/2025,Available,273,190764.21,279.22,40,2.935483871,24,A,39.96
1033,Smartphone Charger,Electronics,Z5,90,13,Light Co.,732.45,841.35,2/2/2025,Out of Stock,56,47115.6,108.9,40,0.622222222,39,A,12.94
1034,Office Chair,Furniture,M2,63,4,Light Co.,653.35,945.72,2/3/2025,Out of Stock,110,104029.2,292.37,40,1.746031746,18,C,30.92
1035,Bookshelf,Furniture,J5,31,4,Storage Solutions,574.35,689.58,2/4/2025,Out of Stock,155,106884.9,115.23,40,5,25,A,16.71
1036,LED Lamp,Lighting,Q2,53,2,Storage Solutions,333.83,507.23,2/5/2025,Reorder Needed,350,177530.5,173.4,40,6.603773585,6,D,34.19
1037,Extension Cord,Storage,T9,81,9,IKEA Supplies,343.15,625.49,2/6/2025,Low Stock,325,203284.25,282.34,40,4.012345679,14,D,45.14
1038,Leather Sofa,Furniture,D3,37,7,TechCorp,585.93,871.53,2/7/2025,Reorder Needed,114,99354.42,285.6,40,3.081081081,12,A,32.77
1039,Monitor Stand,Electronics,L1,5,13,Storage Solutions,348.8,579.2,2/8/2025,Low Stock,289,167388.8,230.4,40,57.8,23,A,39.78
1040,Wall Clock,Lighting,M2,25,14,Light Co.,38.28,49.78,2/9/2025,Available,463,23048.14,11.5,40,18.52,26,A,23.1
1041,Electric Kettle,Appliances,N1,59,9,Home Essentials,680.44,932.33,2/10/2025,Out of Stock,230,214435.9,251.89,40,3.898305085,13,C,27.02
1042,Mattress,Other,B7,10,12,Light Co.,454.98,695.74,2/11/2025,Low Stock,271,188545.54,240.76,40,27.1,45,D,34.6
1043,Vacuum Cleaner,Appliances,G4,96,10,TechCorp,529.57,682.98,2/12/2025,Reorder Needed,378,258166.44,153.41,40,3.9375,8,D,22.46
1044,Cable Management Box,Storage,Y0,85,6,Light Co.,207.83,231.36,2/13/2025,Out of Stock,315,72878.4,23.53,40,3.705882353,25,A,10.17
1045,Projector,Electronics,W2,73,13,IKEA Supplies,507.11,665.71,2/14/2025,Available,496,330192.16,158.6,40,6.794520548,36,C,23.82
1046,Study Desk,Furniture,D5,99,4,TechCorp,284.43,405.99,2/15/2025,Low Stock,262,106369.38,121.56,40,2.646464646,29,B,29.94
1047,Floor Mat,Lighting,K2,9,6,Home Essentials,387.71,658.21,2/16/2025,Low Stock,244,160603.24,270.5,40,27.11111111,7,A,41.1
1048,Portable Heater,Lighting,H9,7,6,IKEA Supplies,64.05,124.46,2/17/2025,Low Stock,337,41943.02,60.41,40,48.14285714,25,C,48.54
1049,Swivel Chair,Furniture,U4,57,6,TechCorp,473.81,664.69,2/18/2025,Out of Stock,393,261223.17,190.88,40,6.894736842,48,D,28.72
1050,Duvet Cover,Other,T9,27,4,Home Essentials,840.28,999.43,2/19/2025,Reorder Needed,282,281839.26,159.15,40,10.44444444,36,A,15.92
1051,Cutlery Set,Lighting,F7,57,12,IKEA Supplies,49.63,67.25,2/20/2025,Reorder Needed,85,5716.25,17.62,40,1.49122807,6,C,26.2
1052,Coffee Maker,Appliances,X9,41,11,IKEA Supplies,548.57,977.63,2/21/2025,Low Stock,159,155443.17,429.06,40,3.87804878,31,D,43.89
1053,Bread Maker,Appliances,N9,78,5,TechCorp,313.14,418.77,2/22/2025,Available,392,164157.84,105.63,40,5.025641026,23,A,25.22
1054,Smartwatch,Electronics,K0,78,10,Storage Solutions,599.99,873.34,2/23/2025,Available,232,202614.88,273.35,40,2.974358974,26,D,31.3
1055,Gaming Chair,Furniture,B3,87,14,IKEA Supplies,541.93,786.74,2/24/2025,Reorder Needed,449,353246.26,244.81,40,5.16091954,46,C,31.12
1056,Table Lamp,Lighting,W0,21,11,IKEA Supplies,464.58,575.68,2/25/2025,Available,256,147374.08,111.1,40,12.19047619,9,D,19.3
1057,Dining Chair,Furniture,D3,89,10,Home Essentials,638.51,743.68,2/26/2025,Reorder Needed,476,353991.68,105.17,40,5.348314607,47,B,14.14
1058,Rice Cooker,Appliances,A2,82,3,Light Co.,724.19,880.95,2/27/2025,Low Stock,269,236975.55,156.76,40,3.280487805,13,D,17.79
1059,Bluetooth Earbuds,Electronics,H9,77,9,TechCorp,315.1,416.06,2/28/2025,Reorder Needed,208,86540.48,100.96,40,2.701298701,29,B,24.27
1060,Wardrobe,Furniture,D7,5,9,TechCorp,229.23,340.49,3/1/2025,Reorder Needed,361,122916.89,111.26,40,72.2,12,B,32.68
1061,USB Hub,Electronics,E4,55,8,Storage Solutions,531.32,674.24,3/2/2025,Low Stock,343,231264.32,142.92,40,6.236363636,5,A,21.2
1062,Cookware Set,Lighting,Y2,49,9,Storage Solutions,560.92,811.69,3/3/2025,Available,239,193993.91,250.77,40,4.87755102,31,A,30.89
1063,Wall Hooks,Lighting,N5,81,4,TechCorp,523.02,767.04,3/4/2025,Reorder Needed,454,348236.16,244.02,40,5.604938272,13,D,31.81
1064,Duvet Cover,Other,B1,8,14,Storage Solutions,423.44,801.86,3/5/2025,Reorder Needed,264,211691.04,378.42,40,33,49,B,47.19
1065,Leather Sofa,Furniture,U6,66,7,Home Essentials,400.61,446.87,3/6/2025,Low Stock,466,208241.42,46.26,40,7.060606061,26,C,10.35
1066,Leather Sofa,Furniture,N3,69,2,TechCorp,501.73,821.48,3/7/2025,Available,192,157724.16,319.75,40,2.782608696,35,D,38.92
1067,Rice Cooker,Appliances,I8,36,8,Storage Solutions,99.06,137.8,3/8/2025,Reorder Needed,327,45060.6,38.74,40,9.083333333,6,B,28.11
1068,Wall Clock,Lighting,T3,38,2,TechCorp,337.42,553.6,3/9/2025,Low Stock,115,63664,216.18,40,3.026315789,46,B,39.05
1069,Shoe Rack,Storage,B5,96,10,Light Co.,22.19,25.64,3/10/2025,Reorder Needed,432,11076.48,3.45,40,4.5,42,C,13.46
1070,Dish Rack,Other,B7,99,2,IKEA Supplies,303.47,338.09,3/11/2025,Out of Stock,301,101765.09,34.62,40,3.04040404,31,D,10.24
1071,Standing Fan,Lighting,Q6,76,2,TechCorp,264.54,379.13,3/12/2025,Low Stock,129,48907.77,114.59,40,1.697368421,6,A,30.22
1072,Folding Table,Furniture,O4,43,8,IKEA Supplies,286.06,408.25,3/13/2025,Available,171,69810.75,122.19,40,3.976744186,22,D,29.93
1073,Cutlery Set,Lighting,P9,30,3,Storage Solutions,508.36,701.56,3/14/2025,Available,82,57527.92,193.2,40,2.733333333,20,D,27.54
1074,Electric Kettle,Appliances,O4,38,6,IKEA Supplies,277.98,400.79,3/15/2025,Available,110,44086.9,122.81,40,2.894736842,43,B,30.64
1075,Headphones,Electronics,N1,58,9,TechCorp,238.99,459.72,3/16/2025,Available,432,198599.04,220.73,40,7.448275862,31,C,48.01
1076,Digital Alarm Clock,Lighting,F7,7,9,Light Co.,130.57,252.79,3/17/2025,Reorder Needed,85,21487.15,122.22,40,12.14285714,10,A,48.35
1077,Mattress,Other,U8,54,4,Storage Solutions,202.5,385.79,3/18/2025,Reorder Needed,116,44751.64,183.29,40,2.148148148,29,C,47.51
1078,Leather Sofa,Furniture,M6,16,8,TechCorp,208.61,242.72,3/19/2025,Available,277,67233.44,34.11,40,17.3125,22,A,14.05
1079,Wall Mirror,Lighting,S8,69,4,Storage Solutions,75.36,91.73,3/20/2025,Available,468,42929.64,16.37,40,6.782608696,24,C,17.85
1080,Storage Cabinet,Storage,W6,58,7,Home Essentials,409.48,611.38,3/21/2025,Available,79,48299.02,201.9,40,1.362068966,20,A,33.02
1081,Water Purifier,Appliances,Y8,9,7,IKEA Supplies,581.28,674.85,3/22/2025,Reorder Needed,194,130920.9,93.57,40,21.55555556,25,A,13.87
1082,Rice Cooker,Appliances,F7,98,4,Home Essentials,418.34,627.1,3/23/2025,Available,53,33236.3,208.76,40,0.540816327,47,B,33.29
1083,Smart TV,Electronics,R1,98,8,TechCorp,369.68,474.22,3/24/2025,Available,462,219089.64,104.54,40,4.714285714,17,D,22.04
1084,External Hard Drive,Electronics,A0,61,4,Light Co.,224.59,392.19,3/25/2025,Out of Stock,347,136089.93,167.6,40,5.68852459,44,C,42.73
1085,Leather Sofa,Furniture,E8,21,9,Storage Solutions,703.16,866.07,3/26/2025,Out of Stock,196,169749.72,162.91,40,9.333333333,14,A,18.81
1086,Gaming Chair,Furniture,D9,51,11,IKEA Supplies,383.88,528.7,3/27/2025,Available,97,51283.9,144.82,40,1.901960784,8,B,27.39
1087,LED Lamp,Lighting,R5,27,5,Storage Solutions,340.33,489.6,3/28/2025,Low Stock,456,223257.6,149.27,40,16.88888889,41,D,30.49
1088,Patio Set,Furniture,V5,83,14,TechCorp,34.12,45.13,3/29/2025,Available,251,11327.63,11.01,40,3.024096386,21,C,24.4
1089,Handheld Vacuum,Appliances,N7,89,2,Storage Solutions,211.14,354.42,3/30/2025,Out of Stock,180,63795.6,143.28,40,2.02247191,8,A,40.43
1090,Duvet Cover,Other,V7,18,5,IKEA Supplies,304.09,392.59,3/31/2025,Low Stock,173,67918.07,88.5,40,9.611111111,39,A,22.54
1091,Glassware Set,Lighting,K8,70,8,TechCorp,327.19,410.85,4/1/2025,Low Stock,210,86278.5,83.66,40,3,34,D,20.36
1092,Leather Sofa,Furniture,C6,79,12,Storage Solutions,348.3,588.57,4/2/2025,Available,155,91228.35,240.27,40,1.962025316,10,B,40.82
1093,Shoe Rack,Storage,L1,55,5,Light Co.,371.08,542.93,4/3/2025,Out of Stock,178,96641.54,171.85,40,3.236363636,31,A,31.65
1094,Table Lamp,Lighting,G8,42,14,TechCorp,423.38,615.75,4/4/2025,Out of Stock,406,249994.5,192.37,40,9.666666667,41,A,31.24
1095,Toaster,Appliances,J1,68,7,TechCorp,656.89,769.59,4/5/2025,Low Stock,370,284748.3,112.7,40,5.441176471,12,A,14.64
1096,Measuring Cups,Lighting,Q8,42,10,Light Co.,472.63,816.73,4/6/2025,Available,235,191931.55,344.1,40,5.595238095,22,A,42.13
1097,Blender,Appliances,R7,54,2,Home Essentials,482.12,723.76,4/7/2025,Reorder Needed,178,128829.28,241.64,40,3.296296296,29,C,33.39
1098,Side Table,Furniture,M6,86,14,IKEA Supplies,683.3,956.41,4/8/2025,Reorder Needed,336,321353.76,273.11,40,3.906976744,38,C,28.56
1099,Wall Mirror,Lighting,X5,34,6,Home Essentials,21.64,37.87,4/9/2025,Out of Stock,144,5453.28,16.23,40,4.235294118,43,A,42.86
1100,Wall Mirror,Lighting,X3,83,12,Storage Solutions,133.23,211.86,4/10/2025,Reorder Needed,391,82837.26,78.63,40,4.710843373,5,C,37.11
1101,Blender,Appliances,N3,95,8,Light Co.,23.46,27.41,4/11/2025,Out of Stock,430,11786.3,3.95,40,4.526315789,17,D,14.41
1102,Bar Stool,Furniture,H5,55,2,Home Essentials,339.36,654.53,4/12/2025,Out of Stock,462,302392.86,315.17,40,8.4,34,C,48.15
1103,Ergonomic Keyboard,Electronics,C4,67,5,TechCorp,548.36,900.07,4/13/2025,Out of Stock,80,72005.6,351.71,40,1.194029851,11,D,39.08
1104,Wall Hooks,Lighting,Y4,56,7,Storage Solutions,192.66,258.61,4/14/2025,Reorder Needed,215,55601.15,65.95,40,3.839285714,28,A,25.5
1105,Cushion Set,Lighting,L9,42,3,Storage Solutions,703.32,928.49,4/15/2025,Out of Stock,318,295259.82,225.17,40,7.571428571,5,A,24.25
1106,Shoe Rack,Storage,Q8,92,11,Home Essentials,53.73,79.06,4/16/2025,Low Stock,481,38027.86,25.33,40,5.22826087,20,D,32.04
1107,VR Headset,Electronics,U6,83,6,Home Essentials,515.68,935.75,4/17/2025,Available,406,379914.5,420.07,40,4.891566265,41,D,44.89
1108,Toaster,Appliances,P3,34,12,Light Co.,290.54,364.59,4/18/2025,Available,487,177555.33,74.05,40,14.32352941,11,A,20.31
1109,Duvet Cover,Other,D7,55,11,IKEA Supplies,83.6,119.39,4/19/2025,Out of Stock,157,18744.23,35.79,40,2.854545455,21,B,29.98
1110,Side Table,Furniture,V3,85,2,Home Essentials,396.03,496.15,4/20/2025,Available,448,222275.2,100.12,40,5.270588235,46,D,20.18
1111,Monitor Stand,Electronics,J7,9,7,Home Essentials,209.06,271.64,4/21/2025,Reorder Needed,272,73886.08,62.58,40,30.22222222,28,C,23.04
1112,Blender,Appliances,M8,33,7,TechCorp,224.6,299.18,4/22/2025,Reorder Needed,338,101122.84,74.58,40,10.24242424,45,D,24.93
1113,Footstool,Furniture,V9,8,14,Storage Solutions,184,321.14,4/23/2025,Available,370,118821.8,137.14,40,46.25,27,B,42.7
1114,Water Purifier,Appliances,C8,14,5,IKEA Supplies,546.87,806.97,4/24/2025,Reorder Needed,237,191251.89,260.1,40,16.92857143,10,B,32.23
1115,Glassware Set,Lighting,T3,60,14,TechCorp,448.04,548.38,4/25/2025,Available,481,263770.78,100.34,40,8.016666667,5,D,18.3
1116,Glassware Set,Lighting,N1,21,9,Light Co.,177.52,325.08,4/26/2025,Available,278,90372.24,147.56,40,13.23809524,26,D,45.39
1117,Air Conditioner,Electronics,W2,78,5,Light Co.,311.85,618.13,4/27/2025,Available,463,286194.19,306.28,40,5.935897436,36,A,49.55
1118,Ergonomic Keyboard,Electronics,P9,21,9,Home Essentials,477.74,721.83,4/28/2025,Out of Stock,150,108274.5,244.09,40,7.142857143,28,D,33.82
1119,Sofa Bed,Furniture,J9,88,14,Home Essentials,201.49,287.17,4/29/2025,Available,211,60592.87,85.68,40,2.397727273,47,B,29.84
1120,Bluetooth Earbuds,Electronics,L5,92,9,Light Co.,234.69,425.28,4/30/2025,Out of Stock,109,46355.52,190.59,40,1.184782609,14,B,44.82
1121,Storage Cabinet,Storage,V9,73,6,Home Essentials,71.92,139.45,5/1/2025,Available,307,42811.15,67.53,40,4.205479452,11,D,48.43
1122,Water Purifier,Appliances,D9,38,14,IKEA Supplies,168.26,197.53,5/2/2025,Available,279,55110.87,29.27,40,7.342105263,32,A,14.82
1123,Wall Shelf,Furniture,X9,10,5,Home Essentials,454.98,687.5,5/3/2025,Available,280,192500,232.52,40,28,15,D,33.82
1124,Smart TV,Electronics,O2,57,13,Storage Solutions,148.85,197.81,5/4/2025,Reorder Needed,474,93761.94,48.96,40,8.315789474,27,C,24.75
1125,USB Hub,Electronics,P9,70,14,Home Essentials,408.58,534.66,5/5/2025,Out of Stock,422,225626.52,126.08,40,6.028571429,8,D,23.58
1126,Leather Sofa,Furniture,Q6,81,3,TechCorp,523.97,714.87,5/6/2025,Out of Stock,54,38602.98,190.9,40,0.666666667,47,A,26.7
1127,Rice Cooker,Appliances,R5,47,12,IKEA Supplies,78.43,124.74,5/7/2025,Available,358,44656.92,46.31,40,7.617021277,36,C,37.13
1128,Sofa Bed,Furniture,W6,79,4,TechCorp,443.98,575.97,5/8/2025,Available,97,55869.09,131.99,40,1.227848101,49,D,22.92
1129,Bed Frame,Furniture,D3,27,4,TechCorp,203.81,271.43,5/9/2025,Reorder Needed,146,39628.78,67.62,40,5.407407407,41,A,24.91
1130,USB Hub,Electronics,P5,59,5,Storage Solutions,762.53,963.67,5/10/2025,Reorder Needed,113,108894.71,201.14,40,1.915254237,14,B,20.87
1131,Sofa Bed,Furniture,T9,84,5,IKEA Supplies,283.58,493.87,5/11/2025,Reorder Needed,327,161495.49,210.29,40,3.892857143,46,B,42.58
1132,Smartwatch,Electronics,M6,99,11,IKEA Supplies,486.42,809.87,5/12/2025,Out of Stock,299,242151.13,323.45,40,3.02020202,6,B,39.94
1133,Bluetooth Earbuds,Electronics,X7,79,12,IKEA Supplies,304.95,559.22,5/13/2025,Out of Stock,237,132535.14,254.27,40,3,31,B,45.47
1134,Floor Mat,Lighting,D9,20,12,IKEA Supplies,40.3,62.54,5/14/2025,Out of Stock,470,29393.8,22.24,40,23.5,23,C,35.56
1135,Wardrobe,Furniture,V1,12,6,IKEA Supplies,369.98,640.49,5/15/2025,Available,138,88387.62,270.51,40,11.5,11,D,42.23
1136,Laptop Stand,Electronics,V7,8,5,Storage Solutions,692.82,952.38,5/16/2025,Out of Stock,376,358094.88,259.56,40,47,15,D,27.25
1137,Desk Organizer,Storage,G2,8,12,Home Essentials,501.28,609.58,5/17/2025,Low Stock,350,213353,108.3,40,43.75,30,B,17.77
1138,Wall Clock,Lighting,G2,60,11,TechCorp,476.51,822.81,5/18/2025,Low Stock,198,162916.38,346.3,40,3.3,37,B,42.09
1139,Rocking Chair,Furniture,W8,29,9,IKEA Supplies,453.49,886.52,5/19/2025,Reorder Needed,361,320033.72,433.03,40,12.44827586,31,D,48.85
1140,LED Lamp,Lighting,W0,71,7,Home Essentials,183.59,243.52,5/20/2025,Out of Stock,210,51139.2,59.93,40,2.957746479,11,C,24.61
1141,Gaming Console,Electronics,H7,71,7,Home Essentials,129.37,227.8,5/21/2025,Low Stock,347,79046.6,98.43,40,4.887323944,19,C,43.21
1142,USB Hub,Electronics,M4,31,9,TechCorp,551.08,618.76,5/22/2025,Reorder Needed,110,68063.6,67.68,40,3.548387097,45,B,10.94
1143,Bread Maker,Appliances,L7,97,8,Storage Solutions,372.93,422.81,5/23/2025,Out of Stock,215,90904.15,49.88,40,2.216494845,27,D,11.8
1144,Chandelier,Lighting,Q2,36,11,Light Co.,692.98,843.06,5/24/2025,Available,326,274837.56,150.08,40,9.055555556,18,C,17.8
1145,Blender,Appliances,R3,54,12,Light Co.,467.99,902.02,5/25/2025,Low Stock,392,353591.84,434.03,40,7.259259259,29,B,48.12
1146,Wireless Speaker,Electronics,Y4,65,13,Home Essentials,295.84,366.35,5/26/2025,Available,485,177679.75,70.51,40,7.461538462,12,A,19.25
1147,Hanging Light,Lighting,L1,55,11,TechCorp,211.51,252.13,5/27/2025,Out of Stock,122,30759.86,40.62,40,2.218181818,25,B,16.11
1148,Mattress,Other,Q4,23,14,Light Co.,398.27,784.92,5/28/2025,Low Stock,357,280216.44,386.65,40,15.52173913,42,C,49.26
1149,Dish Rack,Other,S2,25,9,Home Essentials,167.64,289.31,5/29/2025,Out of Stock,421,121799.51,121.67,40,16.84,33,C,42.06
1150,Laptop Stand,Electronics,H1,9,3,Storage Solutions,661.07,826.16,5/30/2025,Available,481,397382.96,165.09,40,53.44444444,37,D,19.98
1151,Monitor Stand,Electronics,I4,86,10,Light Co.,271.55,435.26,5/31/2025,Low Stock,485,211101.1,163.71,40,5.639534884,7,A,37.61
1152,Standing Fan,Lighting,G4,96,2,Home Essentials,606.35,674.2,6/1/2025,Available,477,321593.4,67.85,40,4.96875,14,C,10.06
1153,Standing Mirror,Lighting,L9,46,9,Home Essentials,60.41,113.62,6/2/2025,Out of Stock,476,54083.12,53.21,40,10.34782609,12,D,46.83
1154,Bar Stool,Furniture,D3,65,13,IKEA Supplies,429.45,631.38,6/3/2025,Out of Stock,145,91550.1,201.93,40,2.230769231,13,D,31.98
1155,Electric Kettle,Appliances,O2,26,12,Storage Solutions,257.84,462.73,6/4/2025,Available,267,123548.91,204.89,40,10.26923077,11,B,44.28
1156,Headphones,Electronics,L9,25,13,IKEA Supplies,492.54,594.88,6/5/2025,Low Stock,286,170135.68,102.34,40,11.44,11,C,17.2
1157,Monitor Stand,Electronics,K4,74,13,TechCorp,100.12,184.65,6/6/2025,Available,224,41361.6,84.53,40,3.027027027,31,A,45.78
1158,Bookshelf,Furniture,A4,5,5,IKEA Supplies,632.16,742.14,6/7/2025,Out of Stock,149,110578.86,109.98,40,29.8,49,D,14.82
1159,USB Hub,Electronics,N5,9,5,IKEA Supplies,496.72,865.54,6/8/2025,Available,404,349678.16,368.82,40,44.88888889,16,C,42.61
1160,Leather Sofa,Furniture,J3,16,6,Light Co.,140.48,232.41,6/9/2025,Out of Stock,301,69955.41,91.93,40,18.8125,44,A,39.56
1161,Dishwasher,Appliances,W4,94,9,Home Essentials,97.71,113.8,6/10/2025,Available,406,46202.8,16.09,40,4.319148936,17,D,14.14
1162,Hanging Light,Lighting,I6,50,6,Storage Solutions,29.37,43.17,6/11/2025,Low Stock,207,8936.19,13.8,40,4.14,36,C,31.97
1163,Office Chair,Furniture,Q6,38,9,IKEA Supplies,357.55,649.13,6/12/2025,Low Stock,257,166826.41,291.58,40,6.763157895,13,D,44.92
1164,Shoe Rack,Storage,O8,53,11,Storage Solutions,552.68,614.95,6/13/2025,Available,331,203548.45,62.27,40,6.245283019,22,A,10.13
1165,Storage Cabinet,Storage,H3,82,2,IKEA Supplies,322.66,555.76,6/14/2025,Available,102,56687.52,233.1,40,1.243902439,8,B,41.94
1166,USB Hub,Electronics,J1,94,13,TechCorp,208.8,247.31,6/15/2025,Low Stock,339,83838.09,38.51,40,3.606382979,46,A,15.57
1167,Projector,Electronics,S6,49,11,IKEA Supplies,238.85,403.09,6/16/2025,Out of Stock,293,118105.37,164.24,40,5.979591837,29,B,40.75
1168,Cutlery Set,Lighting,U6,31,10,Light Co.,398.1,602.59,6/17/2025,Low Stock,443,266947.37,204.49,40,14.29032258,39,D,33.94
1169,Mattress,Other,U8,77,7,Home Essentials,305.41,506.83,6/18/2025,Out of Stock,258,130762.14,201.42,40,3.350649351,16,B,39.74
1170,Wall Mirror,Lighting,J5,30,4,TechCorp,685.03,988.03,6/19/2025,Available,289,285540.67,303,40,9.633333333,26,A,30.67
1171,Wall Mirror,Lighting,R5,51,14,IKEA Supplies,135.98,153.71,6/20/2025,Available,57,8761.47,17.73,40,1.117647059,42,D,11.53
1172,Storage Cabinet,Storage,V1,90,9,Storage Solutions,386.88,701.24,6/21/2025,Out of Stock,416,291715.84,314.36,40,4.622222222,26,D,44.83
1173,Side Table,Furniture,U0,60,10,TechCorp,260.79,416.23,6/22/2025,Available,51,21227.73,155.44,40,0.85,14,D,37.34
1174,Standing Mirror,Lighting,H9,98,7,TechCorp,319.26,439.64,6/23/2025,Out of Stock,114,50118.96,120.38,40,1.163265306,40,B,27.38
1175,Shoe Rack,Storage,P3,67,12,IKEA Supplies,591.91,723.25,6/24/2025,Reorder Needed,407,294362.75,131.34,40,6.074626866,10,C,18.16
1176,Portable Heater,Lighting,K6,52,8,TechCorp,594.83,698.59,6/25/2025,Low Stock,226,157881.34,103.76,40,4.346153846,41,B,14.85
1177,Folding Table,Furniture,H7,65,2,Storage Solutions,514.71,991.43,6/26/2025,Reorder Needed,194,192337.42,476.72,40,2.984615385,11,D,48.08
1178,Toaster,Appliances,A2,85,6,TechCorp,91.48,145.83,6/27/2025,Out of Stock,337,49144.71,54.35,40,3.964705882,18,B,37.27
1179,Shoe Rack,Storage,M2,30,6,Storage Solutions,89.95,122.03,6/28/2025,Low Stock,71,8664.13,32.08,40,2.366666667,33,B,26.29
1180,Toaster,Appliances,S8,40,11,IKEA Supplies,367.21,729.85,6/29/2025,Out of Stock,63,45980.55,362.64,40,1.575,48,D,49.69
1181,Swivel Chair,Furniture,I6,5,5,Home Essentials,354.72,586.82,6/30/2025,Low Stock,474,278152.68,232.1,40,94.8,5,A,39.55
1182,Microwave,Appliances,Z5,12,7,TechCorp,197.78,288.68,7/1/2025,Low Stock,473,136545.64,90.9,40,39.41666667,44,A,31.49
1183,Hanging Light,Lighting,M2,56,8,Home Essentials,53.15,97.83,7/2/2025,Low Stock,281,27490.23,44.68,40,5.017857143,41,C,45.67
1184,Glassware Set,Lighting,J1,83,10,Storage Solutions,67.48,103.95,7/3/2025,Low Stock,151,15696.45,36.47,40,1.819277108,15,A,35.08
1185,Gaming Chair,Furniture,F3,51,2,TechCorp,797.36,896.31,7/4/2025,Out of Stock,98,87838.38,98.95,40,1.921568627,19,D,11.04
1186,Wall Clock,Lighting,I6,60,7,Light Co.,180.38,208.03,7/5/2025,Low Stock,58,12065.74,27.65,40,0.966666667,35,B,13.29
1187,Handheld Vacuum,Appliances,E6,90,8,Home Essentials,226.19,336.9,7/6/2025,Low Stock,232,78160.8,110.71,40,2.577777778,16,B,32.86
1188,Wardrobe,Furniture,S8,18,4,TechCorp,199.61,242.12,7/7/2025,Reorder Needed,318,76994.16,42.51,40,17.66666667,44,C,17.56
1189,Cutlery Set,Lighting,U6,94,9,Home Essentials,295.82,367.9,7/8/2025,Available,262,96389.8,72.08,40,2.787234043,48,B,19.59
1190,Gaming Console,Electronics,V9,32,6,TechCorp,66.06,88.04,7/9/2025,Available,466,41026.64,21.98,40,14.5625,22,B,24.97
1191,USB Hub,Electronics,Y2,91,10,IKEA Supplies,426.42,528.68,7/10/2025,Reorder Needed,355,187681.4,102.26,40,3.901098901,6,B,19.34
1192,Clothes Dryer,Appliances,X5,82,6,Home Essentials,48.13,86.26,7/11/2025,Reorder Needed,210,18114.6,38.13,40,2.56097561,29,C,44.2
1193,Power Bank,Electronics,E4,92,10,Light Co.,665.46,804.35,7/12/2025,Out of Stock,250,201087.5,138.89,40,2.717391304,16,A,17.27
1194,Water Purifier,Appliances,X3,6,11,Light Co.,201.79,249.04,7/13/2025,Out of Stock,310,77202.4,47.25,40,51.66666667,6,B,18.97
1195,Cookware Set,Lighting,X5,30,5,Storage Solutions,460.88,549.21,7/14/2025,Out of Stock,366,201010.86,88.33,40,12.2,41,B,16.08
1196,Standing Mirror,Lighting,O2,18,10,TechCorp,454.36,882.48,7/15/2025,Reorder Needed,97,85600.56,428.12,40,5.388888889,43,A,48.51
1197,Measuring Cups,Lighting,Z1,63,6,Home Essentials,538.88,657.86,7/16/2025,Reorder Needed,359,236171.74,118.98,40,5.698412698,9,B,18.09
1198,Storage Cabinet,Storage,N3,60,11,Storage Solutions,411.1,542.3,7/17/2025,Low Stock,191,103579.3,131.2,40,3.183333333,48,C,24.19
1199,Electric Kettle,Appliances,Q8,11,10,Home Essentials,214.72,337.85,7/18/2025,Out of Stock,278,93922.3,123.13,40,25.27272727,20,C,36.45
1200,Desktop Computer,Electronics,U8,7,4,TechCorp,299.84,346.34,7/19/2025,Out of Stock,366,126760.44,46.5,40,52.28571429,49,A,13.43
1201,Rocking Chair,Furniture,Y4,27,5,Light Co.,341.25,676.1,7/20/2025,Out of Stock,467,315738.7,334.85,40,17.2962963,21,A,49.53
1202,Wall Shelf,Furniture,A2,22,10,IKEA Supplies,760.51,994.26,7/21/2025,Available,220,218737.2,233.75,40,10,26,D,23.51
1203,Microwave,Appliances,U0,42,11,Light Co.,370.37,668.6,7/22/2025,Low Stock,164,109650.4,298.23,40,3.904761905,36,B,44.61
1204,USB Hub,Electronics,N3,19,12,Storage Solutions,335.5,566.63,7/23/2025,Out of Stock,72,40797.36,231.13,40,3.789473684,38,B,40.79
1205,Bed Frame,Furniture,E6,68,7,IKEA Supplies,410.67,736.04,7/24/2025,Out of Stock,334,245837.36,325.37,40,4.911764706,40,A,44.21
1206,Measuring Cups,Lighting,M8,93,3,Storage Solutions,238.14,475.9,7/25/2025,Out of Stock,398,189408.2,237.76,40,4.279569892,34,C,49.96
1207,Filing Cabinet,Furniture,E8,32,8,TechCorp,59.18,78.94,7/26/2025,Available,310,24471.4,19.76,40,9.6875,47,B,25.03
1208,Bluetooth Earbuds,Electronics,Y0,78,3,IKEA Supplies,368.93,571.05,7/27/2025,Available,493,281527.65,202.12,40,6.320512821,36,A,35.39
1209,Rice Cooker,Appliances,P1,43,12,Storage Solutions,765.46,958.47,7/28/2025,Reorder Needed,289,276997.83,193.01,40,6.720930233,19,C,20.14
1210,Patio Set,Furniture,D5,61,3,TechCorp,117.78,191.8,7/29/2025,Low Stock,259,49676.2,74.02,40,4.245901639,5,D,38.59
1211,Bed Frame,Furniture,O2,21,12,Light Co.,394.62,696.2,7/30/2025,Reorder Needed,429,298669.8,301.58,40,20.42857143,48,B,43.32
1212,Footstool,Furniture,R1,90,2,TechCorp,183.89,216.92,7/31/2025,Low Stock,357,77440.44,33.03,40,3.966666667,39,A,15.23
1213,External Hard Drive,Electronics,C2,94,12,Home Essentials,422.96,545.11,8/1/2025,Available,240,130826.4,122.15,40,2.553191489,18,B,22.41
1214,Electric Kettle,Appliances,G2,48,12,TechCorp,59.5,114.74,8/2/2025,Out of Stock,385,44174.9,55.24,40,8.020833333,10,A,48.14
1215,Wireless Speaker,Electronics,G4,29,13,TechCorp,261.71,461.36,8/3/2025,Reorder Needed,69,31833.84,199.65,40,2.379310345,7,A,43.27
1216,Dish Rack,Other,M0,21,12,Home Essentials,573.75,761.04,8/4/2025,Out of Stock,484,368343.36,187.29,40,23.04761905,6,A,24.61
1217,Gaming Chair,Furniture,A4,17,4,Storage Solutions,282.71,360.62,8/5/2025,Reorder Needed,385,138838.7,77.91,40,22.64705882,44,A,21.6
1218,Storage Cabinet,Storage,P5,88,7,Storage Solutions,360.62,671.61,8/6/2025,Available,181,121561.41,310.99,40,2.056818182,15,C,46.31
1219,Standing Fan,Lighting,E8,29,9,TechCorp,654.65,799.54,8/7/2025,Available,365,291832.1,144.89,40,12.5862069,14,A,18.12
1220,Duvet Cover,Other,X5,72,10,Home Essentials,574.89,928.63,8/8/2025,Available,302,280446.26,353.74,40,4.194444444,22,C,38.09
1221,Electric Kettle,Appliances,I8,14,8,Home Essentials,185.85,249.95,8/9/2025,Reorder Needed,493,123225.35,64.1,40,35.21428571,16,D,25.65
1222,Measuring Cups,Lighting,V3,71,5,Light Co.,295.24,411.33,8/10/2025,Low Stock,145,59642.85,116.09,40,2.042253521,48,D,28.22
1223,Laptop Stand,Electronics,S2,22,7,Storage Solutions,138.75,169.37,8/11/2025,Reorder Needed,80,13549.6,30.62,40,3.636363636,45,D,18.08
1224,LED Lamp,Lighting,V9,90,6,IKEA Supplies,730.08,992.63,8/12/2025,Low Stock,333,330545.79,262.55,40,3.7,41,B,26.45
1225,Portable Cooler,Other,G6,38,9,Storage Solutions,729.5,928.46,8/13/2025,Reorder Needed,70,64992.2,198.96,40,1.842105263,13,A,21.43
1226,Standing Fan,Lighting,R3,12,2,Storage Solutions,276.4,549.16,8/14/2025,Reorder Needed,140,76882.4,272.76,40,11.66666667,41,B,49.67
1227,Patio Set,Furniture,K0,44,2,Light Co.,635.71,845.19,8/15/2025,Available,321,271305.99,209.48,40,7.295454545,34,B,24.78
1228,Bar Stool,Furniture,L7,87,14,IKEA Supplies,368.35,530.54,8/16/2025,Out of Stock,316,167650.64,162.19,40,3.632183908,6,D,30.57
1229,Blender,Appliances,N9,46,12,Light Co.,452.96,631.11,8/17/2025,Out of Stock,401,253075.11,178.15,40,8.717391304,12,D,28.23
1230,Folding Table,Furniture,W2,45,7,IKEA Supplies,89.99,107.34,8/18/2025,Low Stock,76,8157.84,17.35,40,1.688888889,15,B,16.16
1231,Coffee Maker,Appliances,R1,10,11,TechCorp,507.43,760.17,8/19/2025,Out of Stock,293,222729.81,252.74,40,29.3,33,D,33.25
1232,Desk Organizer,Storage,L3,56,13,IKEA Supplies,75.72,145.16,8/20/2025,Reorder Needed,472,68515.52,69.44,40,8.428571429,17,B,47.84
1233,Projector,Electronics,E4,30,3,Light Co.,622.87,829.55,8/21/2025,Reorder Needed,110,91250.5,206.68,40,3.666666667,49,A,24.91
1234,Wall Shelf,Furniture,C8,68,6,Storage Solutions,538.53,786.39,8/22/2025,Available,110,86502.9,247.86,40,1.617647059,26,D,31.52
1235,Rocking Chair,Furniture,I4,63,2,IKEA Supplies,576.47,714.57,8/23/2025,Available,248,177213.36,138.1,40,3.936507937,41,C,19.33
1236,Desktop Computer,Electronics,F5,60,8,IKEA Supplies,48.52,55.44,8/24/2025,Out of Stock,94,5211.36,6.92,40,1.566666667,19,C,12.48
1237,External Hard Drive,Electronics,O4,63,2,Home Essentials,214.58,317.07,8/25/2025,Low Stock,493,156315.51,102.49,40,7.825396825,45,C,32.32
1238,Swivel Chair,Furniture,I6,74,5,Storage Solutions,217.21,277.85,8/26/2025,Out of Stock,149,41399.65,60.64,40,2.013513514,43,B,21.82
1239,Wall Shelf,Furniture,B1,37,10,TechCorp,279.26,372.93,8/27/2025,Out of Stock,496,184973.28,93.67,40,13.40540541,38,A,25.12
1240,Bread Maker,Appliances,F1,57,2,Light Co.,77.85,105.89,8/28/2025,Out of Stock,324,34308.36,28.04,40,5.684210526,9,A,26.48
1241,Shoe Rack,Storage,R9,26,5,TechCorp,664.13,938.22,8/29/2025,Out of Stock,221,207346.62,274.09,40,8.5,48,D,29.21
1242,Desk Organizer,Storage,R1,25,7,Storage Solutions,464.51,562.73,8/30/2025,Reorder Needed,333,187389.09,98.22,40,13.32,46,C,17.45
1243,Desk Organizer,Storage,O4,74,7,IKEA Supplies,194.89,319.41,8/31/2025,Low Stock,478,152677.98,124.52,40,6.459459459,15,D,38.98
1244,Induction Stove,Appliances,Z1,74,13,IKEA Supplies,325.72,409.04,9/1/2025,Reorder Needed,81,33132.24,83.32,40,1.094594595,45,C,20.37
1245,Duvet Cover,Other,K6,8,14,Storage Solutions,375.61,458.26,9/2/2025,Low Stock,449,205758.74,82.65,40,56.125,18,A,18.04
1246,Ironing Board,Appliances,M0,98,9,IKEA Supplies,305.96,608.58,9/3/2025,Available,293,178313.94,302.62,40,2.989795918,37,B,49.73
1247,Projector,Electronics,T1,79,2,IKEA Supplies,316.32,525.37,9/4/2025,Out of Stock,339,178100.43,209.05,40,4.291139241,24,D,39.79
1248,Dishwasher,Appliances,S8,66,8,IKEA Supplies,811.71,921,9/5/2025,Reorder Needed,451,415371,109.29,40,6.833333333,43,D,11.87
1249,Swivel Chair,Furniture,M8,66,2,Light Co.,307.42,507.02,9/6/2025,Low Stock,486,246411.72,199.6,40,7.363636364,28,C,39.37
1250,Bar Stool,Furniture,V5,98,14,Light Co.,609.5,992.31,9/7/2025,Available,331,328454.61,382.81,40,3.37755102,17,D,38.58
1251,Smart TV,Electronics,Q2,99,8,Home Essentials,677.24,854.4,9/8/2025,Available,253,216163.2,177.16,40,2.555555556,35,D,20.74
1252,USB Hub,Electronics,K0,28,4,TechCorp,150.63,224.34,9/9/2025,Out of Stock,138,30958.92,73.71,40,4.928571429,7,C,32.86
1253,USB Hub,Electronics,H1,59,12,Storage Solutions,637.01,931.98,9/10/2025,Low Stock,284,264682.32,294.97,40,4.813559322,10,C,31.65
1254,Extension Cord,Storage,L9,13,9,Storage Solutions,100.99,134.04,9/11/2025,Reorder Needed,400,53616,33.05,40,30.76923077,17,A,24.66
1255,Headphones,Electronics,V5,7,4,Storage Solutions,587.84,821.1,9/12/2025,Out of Stock,475,390022.5,233.26,40,67.85714286,17,D,28.41
1256,Folding Table,Furniture,F7,35,14,Home Essentials,231.97,393.01,9/13/2025,Reorder Needed,134,52663.34,161.04,40,3.828571429,15,A,40.98
1257,Bookshelf,Furniture,R7,44,2,Light Co.,738.05,880.41,9/14/2025,Available,193,169919.13,142.36,40,4.386363636,36,B,16.17
1258,Dining Table,Furniture,A0,40,14,Home Essentials,741.39,870.7,9/15/2025,Reorder Needed,203,176752.1,129.31,40,5.075,45,D,14.85
1259,Cushion Set,Lighting,H9,28,14,Storage Solutions,510.47,809.81,9/16/2025,Reorder Needed,109,88269.29,299.34,40,3.892857143,29,C,36.96
1260,Storage Cabinet,Storage,I0,99,9,TechCorp,676.93,794.23,9/17/2025,Out of Stock,181,143755.63,117.3,40,1.828282828,7,C,14.77
1261,Cable Management Box,Storage,M6,10,4,IKEA Supplies,163.61,318.59,9/18/2025,Reorder Needed,229,72957.11,154.98,40,22.9,48,B,48.65
1262,Headphones,Electronics,D3,70,3,Light Co.,83.25,99.3,9/19/2025,Out of Stock,72,7149.6,16.05,40,1.028571429,48,D,16.16
1263,Wardrobe,Furniture,F7,88,2,Light Co.,228.98,414.92,9/20/2025,Available,447,185469.24,185.94,40,5.079545455,37,C,44.81
1264,Chandelier,Lighting,R3,96,4,Home Essentials,170.67,190.05,9/21/2025,Out of Stock,117,22235.85,19.38,40,1.21875,8,C,10.2
1265,Dishwasher,Appliances,Q2,79,3,Light Co.,534.02,701.05,9/22/2025,Out of Stock,246,172458.3,167.03,40,3.113924051,27,B,23.83
1266,Swivel Chair,Furniture,D9,8,3,Storage Solutions,210.47,359.18,9/23/2025,Low Stock,203,72913.54,148.71,40,25.375,43,D,41.4
1267,VR Headset,Electronics,Q2,83,7,Storage Solutions,489.54,976.1,9/24/2025,Reorder Needed,371,362133.1,486.56,40,4.469879518,9,D,49.85
1268,Patio Set,Furniture,S8,10,13,Home Essentials,463.73,648.15,9/25/2025,Available,425,275463.75,184.42,40,42.5,25,C,28.45
1269,Sound System,Electronics,B9,98,2,Storage Solutions,619.66,826.03,9/26/2025,Out of Stock,55,45431.65,206.37,40,0.56122449,6,C,24.98
1270,Digital Alarm Clock,Lighting,E2,55,3,TechCorp,130.82,149.87,9/27/2025,Available,487,72986.69,19.05,40,8.854545455,21,C,12.71
1271,Wall Mirror,Lighting,U2,66,7,Home Essentials,701.74,864.77,9/28/2025,Low Stock,196,169494.92,163.03,40,2.96969697,40,D,18.85
1272,Laundry Basket,Storage,R1,61,4,TechCorp,642.36,924.3,9/29/2025,Reorder Needed,464,428875.2,281.94,40,7.606557377,26,B,30.5
1273,Wall Clock,Lighting,U8,70,5,IKEA Supplies,375.11,497.32,9/30/2025,Out of Stock,462,229761.84,122.21,40,6.6,22,D,24.57
1274,Monitor Stand,Electronics,H3,83,2,TechCorp,499.92,614.13,10/1/2025,Reorder Needed,143,87820.59,114.21,40,1.722891566,35,C,18.6
1275,Ergonomic Keyboard,Electronics,S6,79,9,IKEA Supplies,675.17,769.51,10/2/2025,Low Stock,442,340123.42,94.34,40,5.594936709,15,A,12.26
1276,Bar Stool,Furniture,Q6,12,14,IKEA Supplies,161.51,191.34,10/3/2025,Low Stock,405,77492.7,29.83,40,33.75,6,B,15.59
1277,Monitor Stand,Electronics,T9,30,8,TechCorp,429.77,512.51,10/4/2025,Available,298,152727.98,82.74,40,9.933333333,34,B,16.14
1278,Filing Cabinet,Furniture,U6,55,8,Home Essentials,346.71,410.69,10/5/2025,Out of Stock,252,103493.88,63.98,40,4.581818182,30,D,15.58
1279,Microwave,Appliances,Y2,49,4,Storage Solutions,85.24,163.45,10/6/2025,Available,167,27296.15,78.21,40,3.408163265,7,B,47.85
1280,Electric Kettle,Appliances,N3,48,11,Storage Solutions,221.38,380.18,10/7/2025,Low Stock,316,120136.88,158.8,40,6.583333333,38,D,41.77
1281,Rice Cooker,Appliances,M2,9,11,IKEA Supplies,64.04,86.81,10/8/2025,Reorder Needed,187,16233.47,22.77,40,20.77777778,35,A,26.23
1282,Dish Rack,Other,A0,74,4,IKEA Supplies,30.7,45.3,10/9/2025,Available,421,19071.3,14.6,40,5.689189189,22,D,32.23
1283,Desktop Computer,Electronics,B3,30,3,Home Essentials,129.74,152.46,10/10/2025,Available,345,52598.7,22.72,40,11.5,32,B,14.9
1284,Swivel Chair,Furniture,Y8,72,13,Light Co.,817.71,963.85,10/11/2025,Reorder Needed,307,295901.95,146.14,40,4.263888889,9,C,15.16
1285,Bed Frame,Furniture,N3,23,2,TechCorp,296.25,558.54,10/12/2025,Available,289,161418.06,262.29,40,12.56521739,7,C,46.96
1286,Folding Table,Furniture,L1,88,8,IKEA Supplies,761.74,966.51,10/13/2025,Reorder Needed,104,100517.04,204.77,40,1.181818182,48,A,21.19
1287,Fitness Tracker,Electronics,P3,24,8,Storage Solutions,356.66,443.85,10/14/2025,Out of Stock,118,52374.3,87.19,40,4.916666667,31,A,19.64
1288,Swivel Chair,Furniture,L1,16,13,Home Essentials,221.8,325.58,10/15/2025,Reorder Needed,207,67395.06,103.78,40,12.9375,27,B,31.88
1289,Gaming Chair,Furniture,Z5,51,3,TechCorp,278.18,516.02,10/16/2025,Out of Stock,395,203827.9,237.84,40,7.745098039,46,C,46.09
1290,Vacuum Cleaner,Appliances,H7,5,8,Home Essentials,361.46,450.72,10/17/2025,Reorder Needed,133,59945.76,89.26,40,26.6,23,B,19.8
1291,Sound System,Electronics,R1,94,14,TechCorp,87.2,123.55,10/18/2025,Low Stock,405,50037.75,36.35,40,4.308510638,31,A,29.42
1292,Duvet Cover,Other,H3,18,9,TechCorp,401.67,648.01,10/19/2025,Low Stock,131,84889.31,246.34,40,7.277777778,30,C,38.01
1293,Induction Stove,Appliances,L9,68,2,IKEA Supplies,201.09,231.72,10/20/2025,Out of Stock,355,82260.6,30.63,40,5.220588235,30,B,13.22
1294,Dish Rack,Other,F5,42,10,Home Essentials,403.5,627.2,10/21/2025,Out of Stock,357,223910.4,223.7,40,8.5,8,C,35.67
1295,Ergonomic Keyboard,Electronics,D5,41,8,Home Essentials,368.56,657.2,10/22/2025,Low Stock,160,105152,288.64,40,3.902439024,10,C,43.92
1296,Cable Management Box,Storage,V7,15,4,Storage Solutions,135.69,168.98,10/23/2025,Out of Stock,239,40386.22,33.29,40,15.93333333,15,B,19.7
1297,Storage Box,Storage,B7,81,9,Storage Solutions,60.28,80.12,10/24/2025,Reorder Needed,367,29404.04,19.84,40,4.530864198,7,A,24.76
1298,LED Lamp,Lighting,L9,7,8,IKEA Supplies,417.91,785.15,10/25/2025,Reorder Needed,348,273232.2,367.24,40,49.71428571,7,B,46.77
1299,Smartphone Charger,Electronics,O0,37,12,IKEA Supplies,282.49,470.6,10/26/2025,Low Stock,353,166121.8,188.11,40,9.540540541,22,B,39.97
1300,Clothes Dryer,Appliances,T7,10,14,Light Co.,57.05,77,10/27/2025,Available,449,34573,19.95,40,44.9,49,D,25.91
